"","x"
"1","Narrative Film"
"2","Music"
"3","Film & Video"
"4","Restaurants"
"5","Food"
"6","Drinks"
"7","Product Design"
"8","Documentary"
"9","Nonfiction"
"10","Indie Rock"
"11","Crafts"
"12","Games"
"13","Tabletop Games"
"14","Design"
"15","Comic Books"
"16","Art Books"
"17","Fashion"
"18","Childrenswear"
"19","Theater"
"20","Comics"
"21","DIY"
"22","Webseries"
"23","Animation"
"24","Food Trucks"
"25","Public Art"
"26","Illustration"
"27","Photography"
"28","Pop"
"29","People"
"30","Art"
"31","Family"
"32","Fiction"
"33","Accessories"
"34","Rock"
"35","Hardware"
"36","Software"
"37","Weaving"
"38","Gadgets"
"39","Web"
"40","Jazz"
"41","Ready-to-wear"
"42","Festivals"
"43","Video Games"
"44","Anthologies"
"45","Publishing"
"46","Shorts"
"47","Electronic Music"
"48","Radio & Podcasts"
"49","Apps"
"50","Cookbooks"
"51","Apparel"
"52","Metal"
"53","Comedy"
"54","Hip-Hop"
"55","Periodicals"
"56","Dance"
"57","Technology"
"58","Painting"
"59","World Music"
"60","Photobooks"
"61","Drama"
"62","Architecture"
"63","Young Adult"
"64","Latin"
"65","Mobile Games"
"66","Flight"
"67","Fine Art"
"68","Action"
"69","Playing Cards"
"70","Makerspaces"
"71","Punk"
"72","Thrillers"
"73","Children's Books"
"74","Audio"
"75","Performance Art"
"76","Ceramics"
"77","Vegan"
"78","Poetry"
"79","Graphic Novels"
"80","Fabrication Tools"
"81","Performances"
"82","Sculpture"
"83","Sound"
"84","Stationery"
"85","Print"
"86","Farmer's Markets"
"87","Events"
"88","Classical Music"
"89","Graphic Design"
"90","Spaces"
"91","Country & Folk"
"92","Wearables"
"93","Mixed Media"
"94","Journalism"
"95","Movie Theaters"
"96","Animals"
"97","Digital Art"
"98","Horror"
"99","Knitting"
"100","Small Batch"
"101","Installations"
"102","Community Gardens"
"103","DIY Electronics"
"104","Embroidery"
"105","Camera Equipment"
"106","Jewelry"
"107","Farms"
"108","Conceptual Art"
"109","Fantasy"
"110","Webcomics"
"111","Experimental"
"112","Science Fiction"
"113","Puzzles"
"114","R&B"
"115","Music Videos"
"116","Calendars"
"117","Video"
"118","Plays"
"119","Blues"
"120","Bacon"
"121","Faith"
"122","Live Games"
"123","Woodworking"
"124","Places"
"125","Footwear"
"126","3D Printing"
"127","Academic"
"128","Zines"
"129","Musical"
"130","Workshops"
"131","Photo"
"132","Immersive"
"133","Letterpress"
"134","Gaming Hardware"
"135","Candles"
"136","Television"
"137","Space Exploration"
"138","Couture"
"139","Nature"
"140","Robots"
"141","Typography"
"142","Crochet"
"143","Translations"
"144","Textiles"
"145","Pottery"
"146","Interactive Design"
"147","Video Art"
"148","Quilts"
"149","Glass"
"150","Pet Fashion"
"151","Printing"
"152","Romance"
"153","Civic Design"
"154","Kids"
"155","Literary Journals"
"156","Taxidermy"
"157","Literary Spaces"
"158","Chiptune"
"159","Residencies"
